<?xml version="1.0"?>
<data grt_format="2.0">
  <value _ptr_="000000001CF50A00" type="list" content-type="object" content-struct-name="db.mgmt.Connection">
    <value type="object" struct-name="db.mgmt.Connection" id="{A16ACF55-1B31-43B0-807B-F2478E1C9BEC}" struct-checksum="0x96ba47d8">
      <link type="object" struct-name="db.mgmt.Driver" key="driver">com.mysql.rdbms.mysql.driver.native</link>
      <value type="string" key="hostIdentifier">Mysql@localhost:3306</value>
      <value type="int" key="isDefault">1</value>
      <value _ptr_="00000000238D1030" type="dict" key="modules"/>
      <value _ptr_="00000000238D3AA0" type="dict" key="parameterValues">
        <value type="string" key="DbSqlEditor:LastDefaultSchema">neurorecordings</value>
        <value type="string" key="SQL_MODE"></value>
        <value type="string" key="hostName">localhost</value>
        <value type="int" key="lastConnected">1430290868</value>
        <value type="string" key="password"></value>
        <value type="int" key="port">3306</value>
        <value type="string" key="schema"></value>
        <value type="string" key="serverVersion">5.6.24-log</value>
        <value type="string" key="sslCA"></value>
        <value type="string" key="sslCert"></value>
        <value type="string" key="sslCipher"></value>
        <value type="string" key="sslKey"></value>
        <value type="int" key="useSSL">1</value>
        <value type="string" key="userName">root</value>
      </value>
      <value type="string" key="name">Dantop Server</value>
      <link type="object" struct-name="GrtObject" key="owner">{FD578BC2-E200-456A-8B6E-6F6ED291AF3D}</link>
    </value>
    <value type="object" struct-name="db.mgmt.Connection" id="{0A64022A-4631-45A0-B2AC-C5133B2BA5C2}" struct-checksum="0x96ba47d8">
      <link type="object" struct-name="db.mgmt.Driver" key="driver">com.mysql.rdbms.mysql.driver.native</link>
      <value type="string" key="hostIdentifier">Mysql@db1.cs.uakron.edu:3306</value>
      <value type="int" key="isDefault">0</value>
      <value _ptr_="00000000238D3E90" type="dict" key="modules"/>
      <value _ptr_="00000000238D3480" type="dict" key="parameterValues">
        <value type="string" key="SQL_MODE"></value>
        <value type="string" key="hostName">db1.cs.uakron.edu</value>
        <value type="int" key="lastConnected">1430281120</value>
        <value type="string" key="password"></value>
        <value type="int" key="port">3306</value>
        <value type="string" key="schema"></value>
        <value type="string" key="serverVersion">5.5.43-0ubuntu0.12.04.1</value>
        <value type="string" key="sslCA"></value>
        <value type="string" key="sslCert"></value>
        <value type="string" key="sslCipher"></value>
        <value type="string" key="sslKey"></value>
        <value type="int" key="useSSL">1</value>
        <value type="string" key="userName">dv15</value>
      </value>
      <value type="string" key="name">UA Pauch Server</value>
      <link type="object" struct-name="GrtObject" key="owner">{FD578BC2-E200-456A-8B6E-6F6ED291AF3D}</link>
    </value>
  </value>
</data>
