<?xml version="1.0"?>
<data grt_format="2.0">
  <value _ptr_="000000001CF50370" type="list" content-type="object" content-struct-name="db.mgmt.ServerInstance">
    <value type="object" struct-name="db.mgmt.ServerInstance" id="{10EE9A46-6F90-4C2C-8DCD-EE95D1306AB7}" struct-checksum="0x367436e2">
      <link type="object" struct-name="db.mgmt.Connection" key="connection">{A16ACF55-1B31-43B0-807B-F2478E1C9BEC}</link>
      <value _ptr_="00000000238D42F0" type="dict" key="loginInfo">
        <value type="string" key="wmi.hostName"></value>
        <value type="string" key="wmi.userName"></value>
      </value>
      <value _ptr_="00000000238D8960" type="dict" key="serverInfo">
        <value type="string" key="basedir">C:\Program Files\MySQL\MySQL Server 5.6\</value>
        <value type="string" key="datadir">C:\ProgramData\MySQL\MySQL Server 5.6\Data\</value>
        <value type="string" key="detected_os_name">Windows 8.1</value>
        <value type="string" key="detected_os_type">windows</value>
        <value type="string" key="detected_os_variant">Windows</value>
        <value type="string" key="detected_os_version">Microsoft Windows [Version 6.3.9600]</value>
        <value type="string" key="errorLogFilePath">DANTOP.err</value>
        <value type="string" key="generalLogFilePath">DANTOP.log</value>
        <value type="string" key="serverVersion">5.6.24-log</value>
        <value type="int" key="setupPending">0</value>
        <value type="int" key="slowLogEnabled">1</value>
        <value type="string" key="slowLogFilePath">DANTOP-slow.log</value>
        <value type="string" key="sys.config.path">C:\ProgramData\MySQL\MySQL Server 5.6\my.ini</value>
        <value type="int" key="sys.config.path.lock">1</value>
        <value type="string" key="sys.config.section">mysqld</value>
        <value type="string" key="sys.mysqld.service_name">MySQL56</value>
        <value type="string" key="sys.preset">Custom</value>
        <value type="string" key="sys.sudo"></value>
        <value type="string" key="sys.system">Windows</value>
        <value type="int" key="sys.usesudo">1</value>
        <value type="int" key="sys.usesudostatus">0</value>
        <value type="int" key="windowsAdmin">1</value>
      </value>
      <value type="string" key="name">Dantop Server</value>
    </value>
    <value type="object" struct-name="db.mgmt.ServerInstance" id="{D2050C7E-B906-458F-B99C-1125C3B9D223}" struct-checksum="0x367436e2">
      <link type="object" struct-name="db.mgmt.Connection" key="connection">{0A64022A-4631-45A0-B2AC-C5133B2BA5C2}</link>
      <value _ptr_="00000000238D9D80" type="dict" key="loginInfo"/>
      <value _ptr_="00000000238D9ED0" type="dict" key="serverInfo">
        <value type="int" key="setupPending">1</value>
      </value>
      <value type="string" key="name">UA Pauch Server</value>
    </value>
    <value type="object" struct-name="db.mgmt.ServerInstance" id="{1B1A7FCD-1D48-4648-B571-5CF520F3D31D}" struct-checksum="0x367436e2">
      <value _ptr_="00000000238D9F40" type="dict" key="loginInfo">
        <value type="string" key="ssh.port">22</value>
        <value type="int" key="ssh.useKey">0</value>
        <value type="string" key="wmi.hostName">127.0.0.1</value>
        <value type="string" key="wmi.userName"></value>
      </value>
      <value _ptr_="00000000238D9FB0" type="dict" key="serverInfo">
        <value type="int" key="remoteAdmin">0</value>
        <value type="string" key="serverVersion">5.6.24-log</value>
        <value type="string" key="sys.config.path">C:\ProgramData\MySQL\MySQL Server 5.6\my.ini</value>
        <value type="string" key="sys.config.section">mysqld</value>
        <value type="string" key="sys.mysqld.service_name">MySQL56</value>
        <value type="string" key="sys.preset"></value>
        <value type="string" key="sys.system">Windows</value>
        <value type="int" key="windowsAdmin">1</value>
      </value>
      <value type="string" key="name"> instance</value>
    </value>
  </value>
</data>
